{"cameraMode":{"drawMode":0,"name":"Shaded","section":"Shading Mode"},"sceneLighting":true,"audioPlay":false,"sceneViewState":{"showFog":false,"showMaterialUpdate":true,"showSkybox":true,"showFlares":true,"showImageEffects":true,"showParticleSystems":true,"showVisualEffectGraphs":true,"m_FxEnabled":true},"in2DMode":false,"pivot":{"x":2.0438003540039064,"y":1.5945100784301758,"z":8.863312721252442},"rotation":{"x":-0.19278506934642793,"y":-0.48313620686531069,"z":0.10997292399406433,"w":-0.8469496369361877},"size":25.681400299072267,"orthographic":false}