{"cameraMode":{"drawMode":0,"name":"Shaded","section":"Shading Mode"},"sceneLighting":false,"audioPlay":false,"sceneViewState":{"showFog":false,"showMaterialUpdate":true,"showSkybox":true,"showFlares":true,"showImageEffects":true,"showParticleSystems":true},"in2DMode":false,"pivot":{"x":1.4166247844696046,"y":1.8969236612319947,"z":-0.2363898754119873},"rotation":{"x":-0.08260004222393036,"y":0.9036712050437927,"z":-0.20284786820411683,"w":-0.3679787218570709},"size":3.2715766429901125,"orthographic":false}