{"cameraMode":{"drawMode":0,"name":"Shaded","section":"Shading Mode"},"sceneLighting":false,"audioPlay":false,"sceneViewState":{"showFog":false,"showMaterialUpdate":true,"showSkybox":true,"showFlares":true,"showImageEffects":true,"showParticleSystems":true},"in2DMode":false,"pivot":{"x":-11.653507232666016,"y":0.7140007019042969,"z":-12.911674499511719},"rotation":{"x":0.0981973335146904,"y":0.9016072750091553,"z":-0.28781595826148989,"w":0.307609498500824},"size":17.60492706298828,"orthographic":true}