{"cameraMode":{"drawMode":0,"name":"Shaded","section":"Shading Mode"},"sceneLighting":false,"audioPlay":false,"sceneViewState":{"showFog":false,"showMaterialUpdate":true,"showSkybox":true,"showFlares":true,"showImageEffects":true,"showParticleSystems":true},"in2DMode":false,"pivot":{"x":-4.342782974243164,"y":1.1653766632080079,"z":-0.7080078125},"rotation":{"x":0.0425308533012867,"y":0.9309070110321045,"z":-0.11508254706859589,"w":0.3440338373184204},"size":4.320141792297363,"orthographic":true}