{"cameraMode":{"drawMode":0,"name":"Shaded","section":"Shading Mode"},"sceneLighting":false,"audioPlay":false,"sceneViewState":{"showFog":false,"showMaterialUpdate":true,"showSkybox":true,"showFlares":true,"showImageEffects":true,"showParticleSystems":true},"in2DMode":false,"pivot":{"x":-3.0044960975646974,"y":0.532470703125,"z":-0.423828125},"rotation":{"x":0.1516372114419937,"y":0.8369998335838318,"z":-0.28893721103668215,"w":0.43926405906677248},"size":2.004354238510132,"orthographic":true}