{"cameraMode":{"drawMode":0,"name":"Shaded","section":"Shading Mode"},"sceneLighting":false,"audioPlay":false,"sceneViewState":{"showFog":false,"showMaterialUpdate":true,"showSkybox":true,"showFlares":true,"showImageEffects":true,"showParticleSystems":true},"in2DMode":false,"pivot":{"x":1.1920928955078126e-7,"y":1.62994384765625,"z":0.24377363920211793},"rotation":{"x":0.18072618544101716,"y":0.7461110949516296,"z":-0.22468174993991853,"w":0.6001453399658203},"size":3.9264931678771974,"orthographic":true}