{"cameraMode":{"drawMode":0,"name":"Shaded","section":"Shading Mode"},"sceneLighting":false,"audioPlay":false,"sceneViewState":{"showFog":false,"showMaterialUpdate":true,"showSkybox":true,"showFlares":true,"showImageEffects":true,"showParticleSystems":true},"in2DMode":false,"pivot":{"x":-8.0458984375,"y":3.3258056640625,"z":-1.16943359375},"rotation":{"x":0.07818185538053513,"y":0.6502289772033691,"z":-0.06754004955291748,"w":0.7526807188987732},"size":6.181150913238525,"orthographic":true}