{"cameraMode":{"drawMode":0,"name":"Shaded","section":"Shading Mode"},"sceneLighting":false,"audioPlay":false,"sceneViewState":{"showFog":false,"showMaterialUpdate":true,"showSkybox":true,"showFlares":true,"showImageEffects":true,"showParticleSystems":true},"in2DMode":false,"pivot":{"x":0.08300009369850159,"y":2.869943857192993,"z":-0.08422648906707764},"rotation":{"x":0.24615570902824403,"y":0.6340994238853455,"z":-0.2235908806324005,"w":0.6980920433998108},"size":8.629476547241211,"orthographic":true}