{"cameraMode":{"drawMode":0,"name":"Shaded","section":"Shading Mode"},"sceneLighting":false,"audioPlay":false,"sceneViewState":{"showFog":false,"showMaterialUpdate":true,"showSkybox":true,"showFlares":true,"showImageEffects":true,"showParticleSystems":true},"in2DMode":false,"pivot":{"x":0.10178625583648682,"y":1.451243281364441,"z":-0.259509801864624},"rotation":{"x":-0.015517563559114933,"y":0.9843035936355591,"z":-0.11450520902872086,"w":-0.13339491188526154},"size":3.045234203338623,"orthographic":false}