{"cameraMode":{"drawMode":0,"name":"Shaded","section":"Shading Mode"},"sceneLighting":false,"audioPlay":false,"sceneViewState":{"showFog":false,"showMaterialUpdate":true,"showSkybox":true,"showFlares":true,"showImageEffects":true,"showParticleSystems":true},"in2DMode":false,"pivot":{"x":2.6600000858306886,"y":2.319999933242798,"z":-1.1920928955078126e-7},"rotation":{"x":-0.08260004222393036,"y":0.9036712050437927,"z":-0.20284786820411683,"w":-0.3679787218570709},"size":4.041658878326416,"orthographic":false}