{"cameraMode":{"drawMode":0,"name":"Shaded","section":"Shading Mode"},"sceneLighting":false,"audioPlay":false,"sceneViewState":{"showFog":false,"showMaterialUpdate":true,"showSkybox":true,"showFlares":true,"showImageEffects":true,"showParticleSystems":true},"in2DMode":false,"pivot":{"x":0.28245383501052859,"y":2.5138907432556154,"z":1.8937854766845704},"rotation":{"x":0.31839990615844729,"y":-0.1757868230342865,"z":0.06021116301417351,"w":0.9295672178268433},"size":1.796614408493042,"orthographic":false}