{"cameraMode":{"drawMode":0,"name":"Shaded","section":"Shading Mode"},"sceneLighting":false,"audioPlay":false,"sceneViewState":{"showFog":false,"showMaterialUpdate":true,"showSkybox":true,"showFlares":true,"showImageEffects":true,"showParticleSystems":true},"in2DMode":false,"pivot":{"x":8.972187042236329,"y":8.520116806030274,"z":-2.9619140625},"rotation":{"x":-0.1536734253168106,"y":0.438862144947052,"z":-0.07646350562572479,"w":-0.882007896900177},"size":17.70663833618164,"orthographic":true}