{"cameraMode":{"drawMode":0,"name":"Shaded","section":"Shading Mode"},"sceneLighting":false,"audioPlay":false,"sceneViewState":{"showFog":false,"showMaterialUpdate":true,"showSkybox":true,"showFlares":true,"showImageEffects":true,"showParticleSystems":true},"in2DMode":false,"pivot":{"x":-0.812744140625,"y":1.947509765625,"z":1.6865234375},"rotation":{"x":-0.06191461905837059,"y":0.8241072297096252,"z":-0.09185334295034409,"w":-0.5554969906806946},"size":3.0687124729156496,"orthographic":true}