{"cameraMode":{"drawMode":0,"name":"Shaded","section":"Shading Mode"},"sceneLighting":false,"audioPlay":false,"sceneViewState":{"showFog":false,"showMaterialUpdate":true,"showSkybox":true,"showFlares":true,"showImageEffects":true,"showParticleSystems":true},"in2DMode":false,"pivot":{"x":-3.19512939453125,"y":1.1121826171875,"z":-1.90576171875},"rotation":{"x":-0.15161623060703278,"y":-0.10033345222473145,"z":0.015471847727894783,"w":-0.9832122921943665},"size":3.3296384811401369,"orthographic":true}