{"cameraMode":{"drawMode":0,"name":"Shaded","section":"Shading Mode"},"sceneLighting":false,"audioPlay":false,"sceneViewState":{"showFog":false,"showMaterialUpdate":true,"showSkybox":true,"showFlares":true,"showImageEffects":true,"showParticleSystems":true},"in2DMode":false,"pivot":{"x":-0.004468977451324463,"y":0.009190976619720459,"z":0.1631370186805725},"rotation":{"x":0.26961657404899599,"y":0.5177851319313049,"z":-0.17613884806632996,"w":0.792578399181366},"size":1.4835760593414307,"orthographic":true}