{"cameraMode":{"drawMode":0,"name":"Shaded","section":"Shading Mode"},"sceneLighting":false,"audioPlay":false,"sceneViewState":{"showFog":false,"showMaterialUpdate":true,"showSkybox":true,"showFlares":true,"showImageEffects":true,"showParticleSystems":true},"in2DMode":false,"pivot":{"x":-3.40771484375,"y":1.04833984375,"z":-7.5771484375},"rotation":{"x":0.322451114654541,"y":0.17746423184871674,"z":-0.061679285019636157,"w":0.9277539849281311},"size":5.7157673835754398,"orthographic":true}