{"cameraMode":{"drawMode":0,"name":"Shaded","section":"Shading Mode"},"sceneLighting":false,"audioPlay":false,"sceneViewState":{"showFog":false,"showMaterialUpdate":true,"showSkybox":true,"showFlares":true,"showImageEffects":true,"showParticleSystems":true},"in2DMode":false,"pivot":{"x":0.0003294050693511963,"y":1.3819329738616944,"z":0.7335331439971924},"rotation":{"x":-0.21509592235088349,"y":0.6449182629585266,"z":-0.19632075726985932,"w":-0.7065921425819397},"size":10.309259414672852,"orthographic":true}