{"cameraMode":{"drawMode":0,"name":"Shaded","section":"Shading Mode"},"sceneLighting":false,"audioPlay":false,"sceneViewState":{"showFog":false,"showMaterialUpdate":true,"showSkybox":true,"showFlares":true,"showImageEffects":true,"showParticleSystems":true},"in2DMode":false,"pivot":{"x":0.3221435546875,"y":0.2766571044921875,"z":0.126434326171875},"rotation":{"x":0.10622580349445343,"y":0.4492192268371582,"z":-0.05389224365353584,"w":0.8854455947875977},"size":1.1083046197891236,"orthographic":true}