{"cameraMode":{"drawMode":0,"name":"Shaded","section":"Shading Mode"},"sceneLighting":false,"audioPlay":false,"sceneViewState":{"showFog":false,"showMaterialUpdate":true,"showSkybox":true,"showFlares":true,"showImageEffects":true,"showParticleSystems":true},"in2DMode":false,"pivot":{"x":-0.04293555021286011,"y":1.0224533081054688,"z":-2.608402967453003},"rotation":{"x":-0.01937810145318508,"y":0.9654160737991333,"z":-0.24889028072357179,"w":-0.07516665756702423},"size":6.473308563232422,"orthographic":false}