{"cameraMode":{"drawMode":0,"name":"Shaded","section":"Shading Mode"},"sceneLighting":false,"audioPlay":false,"sceneViewState":{"showFog":false,"showMaterialUpdate":true,"showSkybox":true,"showFlares":true,"showImageEffects":true,"showParticleSystems":true},"in2DMode":false,"pivot":{"x":-3.491258144378662,"y":0.8678550720214844,"z":-0.48532605171203616},"rotation":{"x":0.1284981667995453,"y":-0.6600220799446106,"z":0.11601761728525162,"w":0.7310259938240051},"size":4.524938106536865,"orthographic":true}